cell,nuclide,score,mean,std. dev.
10,Li6,"(n,Xt)",1.1634911609535892,0.00045706842318396425
10,Li7,"(n,Xt)",0.02657761134303645,2.7171729111867898e-05
6,Li6,"(n,Xt)",0.13509870007514785,9.95002438751591e-05
6,Li7,"(n,Xt)",0.01839266854570336,6.917023716038332e-06
