cell,nuclide,score,mean,std. dev.
10,Li6,"(n,Xt)",0.9383573515689021,0.031218493724667937
10,Li7,"(n,Xt)",0.08898081075934469,0.0030833732623026158
6,Li6,"(n,Xt)",0.08616835407419568,0.004441942356972769
6,Li7,"(n,Xt)",0.019864712597646918,0.0005431646566911645
