cell,nuclide,score,mean,std. dev.
10,Li6,"(n,Xt)",0.9709591965480999,0.014681758810756854
10,Li7,"(n,Xt)",0.08850936308863841,0.0014485123156376812
6,Li6,"(n,Xt)",0.07767094641906808,0.0016443592873943882
6,Li7,"(n,Xt)",0.01923515386268165,0.0001420261083887146
